<classDecl xmlns="http://www.tei-c.org/ns/1.0">
 <!--
This is the USEP taxonomies file.
 06-07-2016 SJD began creating a control vocabulary specific to brickstamps
-->
 <!--
 *******************************    Object        ******************************
-->
 <taxonomy xml:id="USEp-form">
  <category xml:id="slab">
   <catDesc>slab</catDesc>
  </category>
  <category xml:id="tablet">
   <catDesc>tablet</catDesc>
  </category>
  <category xml:id="stele">
   <catDesc>stele</catDesc>
  </category>
  <category xml:id="cippus">
   <catDesc>cippus</catDesc>
  </category>
  <!--  separator  -->
  <category xml:id="altar">
   <catDesc>altar</catDesc>
  </category>
  <category xml:id="base">
   <catDesc>base</catDesc>
  </category>
  <category xml:id="ash_urn">
   <catDesc>ash urn</catDesc>
  </category>
  <category xml:id="sarcophagus">
   <catDesc>sarcophagus</catDesc>
  </category>
  <!--  separator  -->
  <category xml:id="sculpture">
   <catDesc>sculpture</catDesc>
  </category>
  <category xml:id="arch_element">
   <catDesc>architectural element</catDesc>
  </category>
  <category xml:id="furniture">
   <catDesc>furniture</catDesc>
  </category>
  <!--  separator  -->
  <category xml:id="instrumentum">
   <catDesc>instrumentum</catDesc>
   <category xml:id="instrumentum.brick">
    <catDesc>-brick</catDesc>
   </category>
   <category xml:id="instrumentum.container">
    <catDesc>-container</catDesc>
    <category xml:id="instrumentum.container.amphora">
     <catDesc>--amphora</catDesc>
    </category>
    <category xml:id="instrumentum.container.vase">
     <catDesc>--vase</catDesc>
    </category>
    <category xml:id="instrumentum.container.other">
     <catDesc>--other (container)</catDesc>
    </category>
   </category>
   <category xml:id="instrumentum.lamp">
    <catDesc>-lamp</catDesc>
   </category>
   <category xml:id="instrumentum.armor">
    <catDesc>-armor</catDesc>
   </category>
   <category xml:id="instrumentum.jewelry">
    <catDesc>-jewelry</catDesc>
   </category>
   <category xml:id="instrumentum.tableware">
    <catDesc>-tableware</catDesc>
   </category>
   <category xml:id="instrumentum.tessera">
    <catDesc>-tag / token (tessera)</catDesc>
   </category>
   <category xml:id="instrumentum.toiletries">
    <catDesc>-toiletries</catDesc>
   </category>
   <category xml:id="instrumentum.other">
    <catDesc>-other (instrumentum)</catDesc>
   </category>
  </category>
  <!--  separator  -->
  <category xml:id="fragment">
   <catDesc>fragment</catDesc>
  </category>
  <category xml:id="object_other">
   <catDesc>other (object)</catDesc>
  </category>
  <category xml:id="object_unknown">
   <catDesc>unknown</catDesc>
  </category>
 </taxonomy>
 <!--
 *******************************     Materials        ******************************
-->
 <taxonomy xml:id="USEp-materials">
  <category xml:id="stone">
   <catDesc>stone</catDesc>
   <category xml:id="stone.marble">
    <catDesc>-marble</catDesc>
   </category>
   <category xml:id="stone.limestone">
    <catDesc>-limestone</catDesc>
   </category>
   <category xml:id="stone.travertine">
    <catDesc>-travertine</catDesc>
   </category>
   <category xml:id="stone.granite">
    <catDesc>-granite</catDesc>
   </category>
   <category xml:id="stone.tufa">
    <catDesc>-tufa</catDesc>
   </category>
   <category xml:id="stone.other">
    <catDesc>-other (stone)</catDesc>
   </category>
   <category xml:id="stone.unknown">
    <catDesc>-unknown (stone)</catDesc>
   </category>
  </category>
  <category xml:id="clay">
   <catDesc>clay</catDesc>
   <category xml:id="clay.brick">
    <catDesc>-brick (clay)</catDesc>
   </category>
   <category xml:id="clay.terracotta">
    <catDesc>-terracotta (clay)</catDesc>
   </category>
   <category xml:id="clay.ceramic">
    <catDesc>-ceramic (glazed)</catDesc>
   </category>
  </category>
  <category xml:id="metal">
   <catDesc>metal</catDesc>
   <category xml:id="metal.lead">
    <catDesc>-lead</catDesc>
   </category>
   <category xml:id="metal.bronze">
    <catDesc>-bronze / copper alloy</catDesc>
   </category>
   <category xml:id="metal.gold">
    <catDesc>-gold</catDesc>
   </category>
   <category xml:id="metal.silver">
    <catDesc>-silver</catDesc>
   </category>
   <category xml:id="metal.other">
    <catDesc>-other (metal)</catDesc>
   </category>
   <category xml:id="metal.unknown">
    <catDesc>-unknown (metal)</catDesc>
   </category>
  </category>
  <!--  separator  -->
  <category xml:id="plaster">
   <catDesc>plaster</catDesc>
  </category>
  <category xml:id="glass">
   <catDesc>glass</catDesc>
  </category>
  <category xml:id="wood">
   <catDesc>wood</catDesc>
  </category>
  <category xml:id="bone">
   <catDesc>bone</catDesc>
  </category>
  <category xml:id="material_other">
   <catDesc>other (material)</catDesc>
  </category>
  <category xml:id="material_unknown">
   <catDesc>unknown (material)</catDesc>
  </category>
 </taxonomy>
 <!--
 *******************************     Text Genre        ******************************
-->
 <taxonomy xml:id="USEp-genre">
  <category xml:id="funerary">
   <catDesc>funerary</catDesc>
   <category xml:id="funerary.epitaph">
    <catDesc>-epitaph</catDesc>
   </category>
   <category xml:id="funerary.iura">
    <catDesc>-iura sepulcrorum</catDesc>
   </category>
   <category xml:id="funerary.other">
    <catDesc>-other (funerary)</catDesc>
   </category>
  </category>
  <category xml:id="dedicatory">
   <catDesc>dedicatory</catDesc>
  </category>
  <category xml:id="honorific">
   <catDesc>honorific</catDesc>
   <category xml:id="honorific.acclamation">
    <catDesc>-acclamation</catDesc>
   </category>
   <category xml:id="honorific.other">
    <catDesc>-other (honorific)</catDesc>
   </category>
  </category>
  <!--  separator line  -->
  <category xml:id="building">
   <catDesc>building</catDesc>
  </category>
  <category xml:id="document">
   <catDesc>document</catDesc>
   <category xml:id="document.private">
    <catDesc>-private document</catDesc>
   </category>
   <category xml:id="document.public">
    <catDesc>-public document</catDesc>
   </category>
  </category>
  <category xml:id="fasti">
   <catDesc>fasti</catDesc>
   <category xml:id="fasti.list">
    <catDesc>-list</catDesc>
   </category>
   <category xml:id="fasti.calendar">
    <catDesc>-calendar</catDesc>
   </category>
  </category>
  <category xml:id="place_marker">
   <catDesc>place marker</catDesc>
   <category xml:id="place_marker.boundary">
    <catDesc>-boundary marker</catDesc>
   </category>
   <category xml:id="place_marker.milestone">
    <catDesc>-milestone</catDesc>
   </category>
   <category xml:id="place_marker.other">
    <catDesc>-other (place marker)</catDesc>
   </category>
  </category>
  <!--  separator line  -->
  <category xml:id="magic">
   <catDesc>magic</catDesc>
   <category xml:id="magic.defixio">
    <catDesc>-defixio</catDesc>
   </category>
   <category xml:id="magic.other">
    <catDesc>-other (magic)</catDesc>
   </category>
  </category>
  <category xml:id="verse">
   <catDesc>verse</catDesc>
  </category>
  <category xml:id="agonistic_ludic">
   <catDesc>agonistic / ludic</catDesc>
  </category>
  <category xml:id="label">
   <catDesc>label</catDesc>
  </category>
  <!--  separator line  -->
  <category xml:id="text_other">
   <catDesc>other (genre)</catDesc>
  </category>
  <category xml:id="text_unknown">
   <catDesc>unknown (genre)</catDesc>
  </category>
 </taxonomy>
 <!--
 *******************************     Preservation        ******************************
-->
 <taxonomy xml:id="USEp-preservation">
  <category xml:id="complete">
   <catDesc>complete</catDesc>
   <category xml:id="complete.broken">
    <catDesc>-complete (broken)</catDesc>
   </category>
   <category xml:id="complete.intact">
    <catDesc>-complete (intact)</catDesc>
   </category>
  </category>
  <category xml:id="fragment.single">
   <catDesc>single fragment</catDesc>
  </category>
  <category xml:id="fragments">
   <catDesc>fragments</catDesc>
   <category xml:id="fragments.contig">
    <catDesc>-contiguous fragments</catDesc>
   </category>
   <category xml:id="fragments.non_contig">
    <catDesc>-non-contiguous fragments</catDesc>
   </category>
  </category>
 </taxonomy>
 <!--
 *******************************     Writing        ******************************
-->
 <taxonomy xml:id="USEp-writing">
  <category xml:id="impressed">
   <catDesc>impressed</catDesc>
   <category xml:id="impressed.inscribed">
    <catDesc>-inscribed</catDesc>
    <category xml:id="impressed.inscribed.chiseled">
     <catDesc>--chiseled</catDesc>
    </category>
    <category xml:id="impressed.inscribed.etched">
     <catDesc>--etched (with a sharp point)</catDesc>
    </category>
    <category xml:id="impressed.inscribed.carved">
     <catDesc>--carved</catDesc>
    </category>
   </category>
   <category xml:id="impressed.troughs">
    <catDesc>-in troughs</catDesc>
   </category>
   <category xml:id="impressed.points">
    <catDesc>-in points (chasing)</catDesc>
   </category>
   <category xml:id="impressed.other">
    <catDesc>-other (impressed)</catDesc>
   </category>
  </category>
  <!--  separator  -->
  <category xml:id="protruding">
   <catDesc>protruding</catDesc>
   <category xml:id="protruding.applied">
    <catDesc>-applied</catDesc>
   </category>
   <category xml:id="protruding.molded">
    <catDesc>-molded</catDesc>
   </category>
   <category xml:id="protruding.relief">
    <catDesc>-in relief (cut)</catDesc>
   </category>
   <category xml:id="protruding.points">
    <catDesc>-in points (repoussé)</catDesc>
   </category>
  </category>
  <category xml:id="painted">
   <catDesc>painted</catDesc>
   <category xml:id="painted.brush">
    <catDesc>-painted with brush</catDesc>
   </category>
   <category xml:id="painted.other">
    <catDesc>-painted with other</catDesc>
   </category>
  </category>
  <category xml:id="inset">
   <catDesc>inset</catDesc>
   <category xml:id="inset.mosaic">
    <catDesc>-mosaic</catDesc>
   </category>
   <category xml:id="inset.inlaid">
    <catDesc>-inlaid</catDesc>
   </category>
  </category>
  <category xml:id="stamped">
   <catDesc>stamped</catDesc>
   <category xml:id="stamped.impressed">
    <catDesc>-impressed</catDesc>
   </category>
   <category xml:id="stamped.relief">
    <catDesc>-in relief</catDesc>
   </category>
  </category>
 </taxonomy>
 <!--
 *************** Shape taxonomy for Brick Stamps ******************
-->
 <taxonomy>
  <category xml:id="USEp-BrickStamps">
   <category xml:id="rectangular">
    <catDesc>-rectangular</catDesc>
   </category>
   <category xml:id="rectangular.relief">
    <catDesc>-rectangular with letters in relief</catDesc>
   </category>
   <category xml:id="rectangular.impressed">
    <catDesc>-rectangular with impressed letters</catDesc>
   </category>
   <category xml:id="semicircular">
    <catDesc>-semicircular form with orbiculus</catDesc>
   </category>
   <category xml:id="circlular">
    <catDesc>-circular form without orbiculus, center flush</catDesc>
   </category>
   <category xml:id="circular.relief">
    <catDesc>-circular form without orbiculus, center in relief</catDesc>
   </category>
   <category xml:id="lunate">
    <catDesc>- lunate form; orbiculus extends beyond the center of the stamp </catDesc>
   </category>
   <category xml:id="orbicular">
    <catDesc>-orbicular</catDesc>
   </category>
   <category xml:id="orbicular.relief">
    <catDesc>-orbicular form with the center in relief</catDesc>
   </category>
   <category xml:id="orbicular.line">
    <catDesc>- orbicular form; the orbiculus has the height of one line of text </catDesc>
   </category>
   <category xml:id="orbicular.other">
    <catDesc>-orbicular form (other)</catDesc>
   </category>
   <category xml:id="octagonal">
    <catDesc>-octagonal form</catDesc>
   </category>
  </category>
 </taxonomy>
</classDecl>
